1321332, 707, 223981
1321583, 708, 224029
1321834, 709, 224079
1322085, 710, 224130
1322336, 711, 224181
1322587, 712, 224235
1322838, 713, 224291
1323089, 714, 224344
1323340, 715, 224399
1323591, 716, 224457
1323842, 717, 224517
1324093, 718, 224575
1324344, 719, 224632
1324595, 720, 224688
1324846, 721, 224741
1325097, 722, 224793
1325348, 723, 224846
1325599, 724, 224898
1325850, 725, 224952
1326101, 726, 225009
1326352, 727, 225062
1326603, 728, 225118
1326854, 729, 225172
1327105, 730, 225230
1327356, 731, 225287
1327607, 732, 225346
1327858, 733, 225402
1328109, 734, 225456
1328360, 735, 225513
1328611, 736, 225570
1328862, 737, 225625
1329113, 738, 225679
1329364, 739, 225732
1329615, 740, 225787
1329866, 741, 225841
1330117, 742, 225893
1330368, 743, 225944
1330619, 744, 225998
1330870, 745, 226053
